category,english_name,english_description,image_url,prompt,german_name,german_description
Hilfsmittel,Long Cane,"An image of a long cane, unfolded and folded.",https://www.lag-sb-rlp.de/images/phocagallery/Hilfsmittel/thumbs/phoca_thumb_l_langstock-cmyk.jpg,"Cartoon picture of Long Cane - An image of a long cane, unfolded and folded.",Langstock,"Abgebildet ist ein Langstock, der ausgeklappt ist und ein Langstock, der zusammengeklappt ist."
Hilfsmittel,Induction Loop,"The picture shows three people at a table. A lady is giving a presentation while standing, wearing an induction loop around her neck, and showing two documents. Next to her sits a deaf man with a hearing aid in his right ear, which allows him to hear her. On his right side sits another lady with a laptop.",https://www.lag-sb-rlp.de/images/phocagallery/thumbs/phoca_thumb_l_induktionsschleife-rgb.jpg,"Cartoon picture of Induction Loop - The picture shows three people at a table. A lady is giving a presentation while standing, wearing an induction loop around her neck, and showing two documents. Next to her sits a deaf man with a hearing aid in his right ear, which allows him to hear her. On his right side sits another lady with a laptop.",Induktionsschleife,"Auf dem Bild sieht man drei Personen an einem Tisch. Eine Dame haelt im Stehen einen Vortrag, traegt eine Induktionsschleife um den Hals und zeigt dabei zwei Dokumente. Daneben sitzt ein gehoerloser Mann mit einem Hoergeraet im rechten Ohr, wodurch er sie hoeren kann. Auf seiner rechten Seite sitzt noch eine Dame am Laptop. "
Hilfsmittel,Forearm Prosthesis,"An arm is depicted, with the forearm missing from the elbow. Next to it is a prosthesis. A red arrow points from the prosthesis to the arm.",https://www.lag-sb-rlp.de/images/phocagallery/Hilfsmittel/thumbs/phoca_thumb_l_unterarm-prothese-cmyk.jpg,"Cartoon picture of Forearm Prosthesis - An arm is depicted, with the forearm missing from the elbow. Next to it is a prosthesis. A red arrow points from the prosthesis to the arm.",Unterarmprothese,"Abgebildet ist ein Arm, dessen Unterarm, ab dem Ellenbogen, fehlt. Daneben ist eine Prothese abgebildet. Ein roter Pfeil zeigt von der Prothese zum Arm."
Hilfsmittel,Hearing Aid,A man and a woman are talking to each other. The man wears a hearing aid in his right ear and understands what the woman is saying to him.,https://www.lag-sb-rlp.de/images/phocagallery/thumbs/phoca_thumb_l_hrgert.jpg,Cartoon picture of Hearing Aid - A man and a woman are talking to each other. The man wears a hearing aid in his right ear and understands what the woman is saying to him.,Hoergeraet,"Ein Mann und eine Frau sprechen miteinander. Der Mann traegt ein Hoergeraet im rechten Ohr und versteht, was die Frau zu ihm sagt. "
Hilfsmittel,Transfer Aids,"Two transfer aids are shown in the picture, on which people could lean and move - better - with their help.",https://www.lag-sb-rlp.de/images/phocagallery/Gesundheitsfoerderung/thumbs/phoca_thumb_l_d16-transferhilfen-cmyk.jpg,"Cartoon picture of Transfer Aids - Two transfer aids are shown in the picture, on which people could lean and move - better - with their help.",Transferhilfen,"Auf dem Bild sind zwei Transferhilfen eingezeichnet, auf die sich Personen stuetzen koennten und mit ihrer Hilfe sichbesser -  fortbewegen koennen."
Erkrankung/Krankheitsbild,HIV Test (Negative),Depicted is a negative HIV test. The test result shows one line.,https://www.lag-sb-rlp.de/images/phocagallery/thumbs/phoca_thumb_l_hivtest-negativ-rgb.jpg,Cartoon picture of HIV Test (Negative) - Depicted is a negative HIV test. The test result shows one line.,HIV-Test (negativ),Abgebildet ist ein negativer HIV-Test. Das Testergebnis zeigt einen Strich. 
Erkrankung/Krankheitsbild,Binge Eating,"A man sits at the table at three o'clock in the morning and eats. On the table are a grilled chicken, sweets, eggs, burgers, cheese, avocado, and much more.",https://www.lag-sb-rlp.de/images/phocagallery/thumbs/phoca_thumb_l_esssucht-rgb.jpg,"Cartoon picture of Binge Eating - A man sits at the table at three o'clock in the morning and eats. On the table are a grilled chicken, sweets, eggs, burgers, cheese, avocado, and much more.",Esssucht,"Ein Mann sitzt am Tisch um drei Uhr nachts und isst. Auf dem Tisch sind ein Grillhaehnchen, Suessigkeiten, Eier, Burger, Kaese, Avocado und vieles mehr. "
Erkrankung/Krankheitsbild,Endometriosis,"This is a chronic condition in women where the uterine lining grows outside the uterine cavity and inflammation occurs. In the picture: A woman is depicted naked. Her ovaries, uterus, and lungs are marked. The organs show signs of inflammation.",https://www.lag-sb-rlp.de/images/phocagallery/Erkrankung/thumbs/phoca_thumb_l_a2-endometriose-cmyk.jpg,"Cartoon picture of Endometriosis - This is a chronic condition in women where the uterine lining grows outside the uterine cavity and inflammation occurs. In the picture: A woman is depicted naked. Her ovaries, uterus, and lungs are marked. The organs show signs of inflammation.",Endometriose,"Das ist eine chronische Erkrankung bei Frauen, bei der Gebärmutterschleimhaut außerhalb der Gebärmutterhöle wächst und Entzündungen auftreten. Zum Bild: Eine Frau ist nackt abgebildet. Ihre Eierstöcke, ihre Gebärmutter und ihre Lunge sind eingezeichnet. Die Organe weisen Entzündungen auf."
Erkrankung/Krankheitsbild,MS Episode,The upper body of a woman is depicted. Her spine is drawn. The lumbar area is highlighted. The woman touches the spot with one hand.,https://www.lag-sb-rlp.de/images/phocagallery/Erkrankung/thumbs/phoca_thumb_l_a93-ms-schub-cmyk.jpg,Cartoon picture of MS Episode - The upper body of a woman is depicted. Her spine is drawn. The lumbar area is highlighted. The woman touches the spot with one hand.,MS-Schub,Der Oberkoerper einer Frau ist abgebildet. Ihre Wirbelsaeule ist eingezeichnet. Der Bereich der Lenden ist hervorgehoben. Die Frau fasst sich mit einer Hand an die Stelle.
Erkrankung/Krankheitsbild,Manic Phase (Bipolar Disorder),"A person raises their arms in the air. They appear excited. In their thought bubble, you can see the symbols heart, lightning, euro sign, and clock.",https://www.lag-sb-rlp.de/images/phocagallery/Erkrankung/thumbs/phoca_thumb_l_a6-manische-phase-cmyk.jpg,"Cartoon picture of Manic Phase (Bipolar Disorder) - A person is split down the middle from top to bottom. On the right, they are wearing an orange T-shirt, raising their arm excitedly, and appear enthusiastic. In their thought bubble are symbols of a heart, a lightning bolt, a euro sign, and a clock. On the left, the person is wearing a gray T-shirt, slumping their shoulder and head, and appears sad. In the thought bubble, there is a cemetery in rainy weather. Below the person, a red curve is drawn. Smiling emojis are drawn at the peaks, and sad emojis are drawn at the troughs.",Manische Phase (bipolare Stoerung),"Eine Person reisst die Arme in die Luft. Sie wirkt begeistert. In ihrer Gedankenblase sieht man die Symbole Herz, Blitz, Euro-Zeichen und Uhr."
Wohnen,Bedroom,"Depicted is a bedroom with a bed, nightstand, wall painting, armchair, floor lamp, indoor plant, and carpet.",https://www.lag-sb-rlp.de/images/phocagallery/thumbs/phoca_thumb_l_zimmer-eingerichtet-rgb.jpg,"Cartoon picture of Bedroom - Depicted is a bedroom with a bed, nightstand, wall painting, armchair, floor lamp, indoor plant, and carpet.",Schlafzimmer,"Abgebildet ist ein Schlafzimmer mit Bett, Nachttisch, Wandbild, Sessel, Stehlampe, Zimmerpflanze und Teppich. "
Wohnen,Bathroom,"Depicted is a bathroom with toilet, wall shelves, sink, mirror, and a shower cubicle.",https://www.lag-sb-rlp.de/images/phocagallery/thumbs/phoca_thumb_l_badezimmer-rgb.jpg,"Cartoon picture of Bathroom - Depicted is a bathroom with toilet, wall shelves, sink, mirror, and a shower cubicle.",Badezimmer,"Abgebildet ist ein Badezimmer mit Toilette, Haengeregalen, Waschbecken, Spiegel und einer Duschkabine. "
Wohnen,Hygiene Products,"Depicted are the following hygiene items: soap, shaving foam, shower gel, toothpaste, and toothbrush.",https://www.lag-sb-rlp.de/images/phocagallery/thumbs/phoca_thumb_l_hygieneartikel-rgb.jpg,"Cartoon picture of Hygiene Products - Depicted are the following hygiene items: soap, shaving foam, shower gel, toothpaste, and toothbrush.",Hygieneartikel,"Abgebildet sind folgende Hygieneartikel: Seife, Rasierschaum, Duschgel, Zahnpasta und Zahnbuerste."
Wohnen,Twin Room,"Depicted is a bedroom with two separate beds, wardrobes, armchairs, nightstands, and wall paintings.",https://www.lag-sb-rlp.de/images/phocagallery/thumbs/phoca_thumb_l_zweibettzimmer-rgb.jpg,"Cartoon picture of Twin Room - Depicted is a bedroom with two separate beds, wardrobes, armchairs, nightstands, and wall paintings.",Zweibettzimmer,"Abgebildet ist ein Schlafzimmer mit zwei getrennten BEtten, Schraenken, Sesseln, NAchttischenb und Wandbildern. "
Wohnen,Multi-family House,Depicted is a four-story apartment building.,https://www.lag-sb-rlp.de/images/phocagallery/thumbs/phoca_thumb_l_hausansicht-rgb.jpg,Cartoon picture of Multi-family House - Depicted is a four-story apartment building.,Mehrfamilienhaus,Abgebildet ist ein vierstoeckiges Mehrfamilienhaus. 
Aerztliche Behandlung,Early Detection,"A woman leans over the back of a man. She looks at a large, dark mole through a magnifying glass. In one of her thought bubbles, a warning triangle is drawn, and in the other thought bubble, it can be seen how the mole is removed.",https://www.lag-sb-rlp.de/images/phocagallery/Gesundheitsfoerderung/thumbs/phoca_thumb_l_d58-frueherkennung-cmyk.jpg,"Cartoon picture of Early Detection - A woman leans over the back of a man. She looks at a large, dark mole through a magnifying glass. In one of her thought bubbles, a warning triangle is drawn, and in the other thought bubble, it can be seen how the mole is removed.",Frueherkennung,"Eine Frau beugt sich ueber den Ruecken eines Mannes. Durch eine Lupe betrachtet sie einen grossen, dunklen Leberfleck. In ihrer einen Gedankenblase ist ein Warndreieck eingezeichnet, in der anderen Gedankenblase erkennt man, wie der Leberfleck entfernt wird."
Aerztliche Behandlung,Psychiatry,In the background is a large building with a sign 'Psychiatry'. In the foreground stands a young woman who looks worried/skeptical. An older woman reaches out to her hand.,https://www.lag-sb-rlp.de/images/phocagallery/Gesundheitsfoerderung/thumbs/phoca_thumb_l_psychatrie-cmyk.jpg,Cartoon picture of Psychiatry - In the background is a large building with a sign 'Psychiatry'. In the foreground stands a young woman who looks worried/skeptical. An older woman reaches out to her hand.,Psychatrie,"Im Hintergrund ist ein grosses Gebaeude mit einem Schild ""Psychatrie"". Im Vordergrund steht eine junge Frau, die besorgt/skeptisch wirkt. Eine aeltere Frau greift ihre Hand."
Aerztliche Behandlung,Chest X-ray,A young lady stands at an X-ray machine. A chest X-ray is being taken of her lungs.,https://www.lag-sb-rlp.de/images/phocagallery/thumbs/phoca_thumb_l_lungenroentgen-rgb.jpg,Cartoon picture of Chest X-ray - A young lady stands at an X-ray machine. A chest X-ray is being taken of her lungs.,Lungenroentgen,Eine junge Dame steht an einem Roentgengeraet. Ihr wird ein Lungenroentgen gemacht. 
Aerztliche Behandlung,EEG - Electroencephalography,"A girl is undergoing an EEG. On the right side of the image, you can see how the nerve cells of the brain produce electrical currents.",https://www.lag-sb-rlp.de/images/phocagallery/thumbs/phoca_thumb_l_eeg-rgb.jpg,"Cartoon picture of EEG - Electroencephalography - A girl is undergoing an EEG. On the right side of the image, you can see how the nerve cells of the brain produce electrical currents.",EEGElektroenzephalographie,"Einem Maedchen wird ein EEG gemacht. Rechts im Bild sieht man, wie die Nervenzellen des Gehirns elektrische Stroeme erzeugen. "
Aerztliche Behandlung,Colonoscopy,"A woman lies sideways on an examination couch in a doctor's office. Her eyes are closed. Her intestines are drawn. Behind her, a man in a white coat looks at a monitor and examines the internal view of the intestine.",https://www.lag-sb-rlp.de/images/phocagallery/Gesundheitsfoerderung/thumbs/phoca_thumb_l_d11-darmspiegelung-cmyk.jpg,"Cartoon picture of Colonoscopy - A woman lies sideways on an examination couch in a doctor's office. Her eyes are closed. Her intestines are drawn. Behind her, a man in a white coat looks at a monitor and examines the internal view of the intestine.",Darmspiegelung,Eine Frau liegt in einem Arztzimmer seitlich auf einer Liege. Ihre Augen sind geschlossen. Ihr Darm ist eingezeichnet. Hinter ihr schaut ein Mann in weissem Kittel auf einen Monitor und betrachtet die Innenaufnahme des Darms.
Personen,Group Leader,"7 people, including women and men, sit in a circle of chairs. A woman with a confident posture speaks to the rest of the group.",https://www.lag-sb-rlp.de/images/phocagallery/Personen/thumbs/phoca_thumb_l_gruppenleiterin-cmyk.jpg,"Cartoon picture of Group Leader - 7 people, including women and men, sit in a circle of chairs. A woman with a confident posture speaks to the rest of the group.",Gruppenleiterin,"7 Personen, darunter Frauen und Maenner, sitzen in einem Stuhlkreis. Eine Frau mit selbstbewusster Haltung spricht zu dem Rest der Gruppe."
Personen,Assistance for People with Visual Impairments,A young man accompanies a lady with visual impairment.,https://www.lag-sb-rlp.de/images/phocagallery/thumbs/phoca_thumb_l_assistenz-fr-menschen-mit-einer-sehbehinderung-.jpg,Cartoon picture of Assistance for People with Visual Impairments - A young man accompanies a lady with visual impairment.,Assistenz fuer Menschen mit Sehbehinderung,Ein junger Mann begleitet eine Dame mit Sehbehinderung. 
Personen,Child with Minor Heart Defect,Illustration of a little boy riding a tricycle. His heart is depicted.,https://www.lag-sb-rlp.de/images/phocagallery/Personen/thumbs/phoca_thumb_l_kind-kleiner-herzfehler-cmyk.jpg,Cartoon picture of Child with Minor Heart Defect - Illustration of a little boy riding a tricycle. His heart is depicted.,Kind mit kleinem Herzfehler,"Abbildung von kleinem Jungen, der Dreirad faehrt. Sein Herz ist eingezeichnet."
Personen,Adult with Heart Defect,A man looks down at his chest. His heart is depicted.,https://www.lag-sb-rlp.de/images/phocagallery/Personen/thumbs/phoca_thumb_l_f56-erwachsener-mit-herzfehler-cmyk.jpg,Cartoon picture of Adult with Heart Defect - A man looks down at his chest. His heart is depicted.,Erwachsener mit Herzfehler,Ein Mann schaut auf seinen Brustkorb herab. Sein Herz ist eingezeichnet.
Personen,Care Assistant,Depicted are two young men. One man shaves the other man in a wheelchair.,https://www.lag-sb-rlp.de/images/phocagallery/thumbs/phoca_thumb_l_pflegeassistenz.jpg,Cartoon picture of Care Assistant - Depicted are two young men. One man shaves the other man in a wheelchair.,Pflegeassistenz,Abgebildet sind zwei junge Herren. Ein Mann rasiert den anderen Mann im Rollstuhl.
Taetigkeiten,Shuttle Service,"The picture shows a white minivan with a blue and white symbol of a wheelchair user, into which a lady is just getting in. The driver is helping her. In front of the van, there are four other persons with various disabilities.",https://www.lag-sb-rlp.de/images/phocagallery/thumbs/phoca_thumb_l_fahrdienst.jpg,"Cartoon picture of Shuttle Service - The picture shows a white minivan with a blue and white symbol of a wheelchair user, into which a lady is just getting in. The driver is helping her. In front of the van, there are four other persons with various disabilities.",Fahrdienst ,"Auf dem Bild sieht man einen weissen Minivan mit einem blau-weissen Symbol eines Rollstuhlfahrers, in den gerade eine Dame einsteigt. Der Fahrer hilft ihr dabei. Vor dem Van stehen noch vier weitere Personen mit unterschiedelichen Behinderungen. "
Taetigkeiten,Brainstorming,A group of people with and without disabilities is sitting together at a round table. Above their heads are 'question marks' and 'light bulbs'. They are looking for ideas and solutions together.,https://www.lag-sb-rlp.de/images/phocagallery/thumbs/phoca_thumb_l_brainstorming-rgb.jpg,Cartoon picture of Brainstorming - A group of people with and without disabilities is sitting together at a round table. Above their heads are 'question marks' and 'light bulbs'. They are looking for ideas and solutions together.,Brainstorming,"Eine Gruppe von Menschen mit und ohne Behinderung sitzt gemeinsam an einem runden Tisch. Neben ihren Koepfen sind ""Fragezeichen"" und ""Laempchen"" dargestellt. Sie such gemeinsam nach Ideen und Loesungen. "
Taetigkeiten,Yoga,"Three people are shown on mats, and one person is in a wheelchair. Their hands are raised upward. They stretch the backsides by holding one hand with the other and pulling slightly.",https://www.lag-sb-rlp.de/images/phocagallery/thumbs/phoca_thumb_l_yoga.jpg,"Cartoon picture of Yoga - Three people are shown on mats, and one person is in a wheelchair. Their hands are raised upward. They stretch the backsides by holding one hand with the other and pulling slightly.",Yoga,"Abgebildet sind drei Personen auf Fussmatten und eine Person im Rollstuhl. Ihre Haende sind nach oben gestreckt. Sie dehnen die Rueckenseiten, indem sie mit einer Hand die andere halten und sie leicht ziehen. "
Taetigkeiten,Demonstration,"A group of people with and without disabilities, including those with invisible disabilities, stands in front of the Bundestag in Berlin. The participants are holding signs and have emotional expressions. They are protesting against something.",https://www.lag-sb-rlp.de/images/phocagallery/thumbs/phoca_thumb_l_demonstration-rgb.jpg,"Cartoon picture of Demonstration - A group of people with and without disabilities, including those with invisible disabilities, stands in front of the Bundestag in Berlin. The participants are holding signs and have emotional expressions. They are protesting against something.",Demonstration,Eine Gruppe von Mensch mit und ohne Behiderungen bzw. mit nicht-sichtbaren Behinderungen steht vor dem Bundestag in Berlin. Die Teilnehmenden halten Plakate und haben emotionale Gesichtsausdruecke. Sie protesieren gegen etwas. 
Taetigkeiten,Cafeteria,"Depicted is a cafeteria with three tables and visitors eating and/or drinking. In the background of the picture, there is a refrigerator, a display case with fruit, cake, and drinks, as well as a cash register.",https://www.lag-sb-rlp.de/images/phocagallery/thumbs/phoca_thumb_l_cafete1.jpg,"Cartoon picture of Cafeteria - Depicted is a cafeteria with three tables and visitors eating and/or drinking. In the background of the picture, there is a refrigerator, a display case with fruit, cake, and drinks, as well as a cash register.",Cafeteria,"Abgebildet ist eine Cafeteria mit drei Tischen und Besuchern, die etwas essen und/oder trinken. Im Hintergrund des Bildes ist ein Kuehlschrank, eine Vitrine mit Obst, Kuchen und Getraenken sowie ein Kassenapparat. "
Koerperlicher Zustand/Beschwerde,Balance Disorder,"A woman with a striped T-shirt holds onto a wall with one hand. She appears stressed and uncertain. With the other hand, she also searches for support.",https://www.lag-sb-rlp.de/images/phocagallery/Beschwerden/thumbs/phoca_thumb_l_b94-gleichgewichtsstoerungen-cmyk.jpg,"Cartoon picture of Balance Disorder - A woman with a striped T-shirt holds onto a wall with one hand. She appears stressed and uncertain. With the other hand, she also searches for support.",Gleichgewichtsstoerung,Eine Frau mit gestreiftem T-Shirt haelt sich mit einer Hand an einer Wand fest. Sie wirkt gestresst und verunsichert. Mit der anderen Hand sucht sie ebenfalls nach Halt.
Koerperlicher Zustand/Beschwerde,Trouble Smelling,A lady smells a cut lemon and doesn't recognize the smell.,https://www.lag-sb-rlp.de/images/phocagallery/thumbs/phoca_thumb_l_probleme-beim-riechen-rgb.jpg,Cartoon picture of Trouble Smelling - A lady smells a cut lemon and doesn't recognize the smell.,Probleme beim Riechen ,Eine Dame riecht an einer zerschnittenen Zitrone und erkennt den Geruch nicht. 
Koerperlicher Zustand/Beschwerde,Lung Overload,Illustration of heart and lungs connected to each other. A lot of blood flows into the lungs.,https://www.lag-sb-rlp.de/images/phocagallery/thumbs/phoca_thumb_l_lungenueberflutung-cmyk.jpg,Cartoon picture of Lung Overload - Illustration of heart and lungs connected to each other. A lot of blood flows into the lungs.,Lungenueberflutung,"Abbildung von Herz und Lunge, die miteinander verbunden sind. In die Lunge fliesst sehr viel Blut ein."
Koerperlicher Zustand/Beschwerde,Foot Amputation,"A woman sits on the floor with her legs crossed. She has freckles on her face, her hair tied up, and her nails painted red. Her right foot is missing.",https://www.lag-sb-rlp.de/images/phocagallery/Beschwerden/thumbs/phoca_thumb_l_fuamputation-cmyk.jpg,"Cartoon picture of Foot Amputation - A woman sits on the floor with her legs crossed. She has freckles on her face, her hair tied up, and her nails painted red. Her right foot is missing.",Fussamputation ,"Eine Frau sitzt mit gekreuzten Beinen auf dem Boden. Sie hat Sommersprossen im Gesicht, ihre Haare hochgebunden und die Naegel rot lackiert. Ihr rechter Fuss fehlt."
Koerperlicher Zustand/Beschwerde,Seeing Blurred,A young woman looks into a mirror. Her reflection is blurry.,https://www.lag-sb-rlp.de/images/phocagallery/Beschwerden/thumbs/phoca_thumb_l_verschwommen-sehen-cmyk.jpg,Cartoon picture of Seeing Blurred - A young woman looks into a mirror. Her reflection is blurry.,verschwommen sehen,Eine junge Frau blickt in einen Spiegel. Ihr Spiegelbild ist verschwommen.
Gesundheitsfoerderung,Arrangement of Nursing Services,"Two women are talking in front of a car labeled 'Home Care Service'. The first woman has a thought bubble. In the thought bubble, an older woman in a hospital bed can be seen. The second lady wears a T-shirt labeled 'Home Care Service'. She also has a thought bubble. There, the older woman in the hospital bed is seen with a home care service worker. They shake hands.",https://www.lag-sb-rlp.de/images/phocagallery/Selbsthilfe/thumbs/phoca_thumb_l_e108_vermittlung von pflegediensten.jpg,"Cartoon picture of Arrangement of Nursing Services - Two women are talking in front of a car labeled 'Home Care Service'. The first woman has a thought bubble. In the thought bubble, an older woman in a hospital bed can be seen. The second lady wears a T-shirt labeled 'Home Care Service'. She also has a thought bubble. There, the older woman in the hospital bed is seen with a home care service worker. They shake hands.",Vermittlung von Pflegediensten,Zwei Frauen unterhalten sich vor einem Auto mit der Aufschrift Pflegedienst. Die erste Frau hat eine Denkblase. In der Denkblase ist eine aeltere Damen im Krankbett zu erkennen. Die zweite Dame traegt ein T-Shirt mit der Aufschrift Pflegedienst. Sie hat ebenfalls eine Denkblase. Dort ist die aeltere Dame im Krankenbett mit einer Pflegedienst-Mitarbeiterin zu sehen. Sie geben sich die Haende.
Gesundheitsfoerderung,Breathing Techniques,A blonde woman sits cross-legged. She holds one hand on her stomach and breathes heavily.,https://www.lag-sb-rlp.de/images/phocagallery/Gesundheitsfoerderung/thumbs/phoca_thumb_l_d102-atemtechniken-therapie-cmyk.jpg,Cartoon picture of Breathing Techniques - A blonde woman sits cross-legged. She holds one hand on her stomach and breathes heavily.,Atemtechniken,Eine blonde Frau sitzt im Schneidersitz. Sie haelt eine Hand auf ihren Bauch und atmet stark aus oder ein.
Gesundheitsfoerderung,Psychotherapy (Descriptive Speech Bubble),Two men sit facing each other in red armchairs. One man holds his forehead while speaking. The other man takes notes.,https://www.lag-sb-rlp.de/images/phocagallery/Gesundheitsfoerderung/thumbs/phoca_thumb_l_d59-psychotherapie2-cmyk.jpg,Cartoon picture of Psychotherapy (Descriptive Speech Bubble) - Two men sit facing each other in red armchairs. One man holds his forehead while speaking. The other man takes notes.,Psychotherapie (beschreibbare Sprechblase),"Zwei Maenner sitzen sich gegenueber in roten Sesseln. Der eine Mann haelt sich die Stirn, waehrend er spricht. Der andere Mann macht sich Notizen."
Gesundheitsfoerderung,Center for Rare Diseases,A man in a white coat examines a toddler. He is seen again looking into a microscope. In the background is a large building with the inscription 'Center'.,https://www.lag-sb-rlp.de/images/phocagallery/Gesundheitsfoerderung/thumbs/phoca_thumb_l_d12-zentrum-fr-seltene-erkrankung-cmyk.jpg,Cartoon picture of Center for Rare Diseases - A man in a white coat examines a toddler. He is seen again looking into a microscope. In the background is a large building with the inscription 'Center'.,Zentrum fuer seltene Erkrankung,"Ein Mann in weissem Kittel untersucht ein Kleinkind. Er ist noch einmal zu sehen, wie er in ein Mikroskop schaut. Im Hintergrund ist ein grosses Gebaeude mit der Aufschrift ""Zentrum""."
Gesundheitsfoerderung,Speech Therapy,A woman holds up a card with the letter 'A' and speaks the letter out loud. She looks at a child. The child repeats the letter 'A'.,https://www.lag-sb-rlp.de/images/phocagallery/Gesundheitsfoerderung/thumbs/phoca_thumb_l_d91-logopdie-cmyk.jpg,Cartoon picture of Speech Therapy - A woman holds up a card with the letter 'A' and speaks the letter out loud. She looks at a child. The child repeats the letter 'A'.,Logopaedie,"Eine Frau haelt eine Karte mit dem Bustaben ""A"" hoch und spricht den Buchstaben laut aus. Sie schaut zu einem Kind. Das Kind wiederholt den Buchstaben ""A""."
Verhalten,Resistance to Changes,A woman sits in an orange car. Another woman with folded arms stands next to it. She turns away confused from the car. She has a thought bubble in which the same car with the same woman is depicted in purple.,https://www.lag-sb-rlp.de/images/phocagallery/Verhalten/thumbs/phoca_thumb_l_g79-verweigerung-von-veraenderungen-cmyk.jpg,Cartoon picture of Resistance to Changes - A woman sits in an orange car. Another woman with folded arms stands next to it. She turns away confused from the car. She has a thought bubble in which the same car with the same woman is depicted in purple.,Verweigerung von Veraenderungen,"Eine Frau sitzt in einem orangenen Auto. Daneben steht eine andere Frau mit verschraenkten Armen. Sie kehrt sich verwirrt von dem Auto ab. Sie hat eine Gedankenblase, in der das gleiche Auto mit der gleichen Frau in violett abgebildet ist."
Verhalten,Refusal of Eye Contact,A woman stands directly in front of a man and speaks to him. The man has his arms crossed in front of his chest. He does not look at her.,https://www.lag-sb-rlp.de/images/phocagallery/Verhalten/thumbs/phoca_thumb_l_g77-verweigerung-blickkontakt-cmyk.jpg,Cartoon picture of Refusal of Eye Contact - A woman stands directly in front of a man and speaks to him. The man has his arms crossed in front of his chest. He does not look at her.,Verweigerung Blickkontakt,Eine Frau steht direkt vor einem Mann und spricht mit ihm. Der Mann hat die Arme vor der Brust verschraenkt. Er schaut sie nicht an.
Verhalten,Refusal of Physical Contact,A woman tries to hug a girl. The girl looks away and resists.,https://www.lag-sb-rlp.de/images/phocagallery/Verhalten/thumbs/phoca_thumb_l_g78-verweigerung-krperkontakt-cmyk.jpg,Cartoon picture of Refusal of Physical Contact - A woman tries to hug a girl. The girl looks away and resists.,Verweigerung Koerperkontakt,Eine Frau versucht ein Maedchen zu umarmen. Das Maedchen schaut weg und wehrt sich.
Verhalten,Child Does Not Play with Others,A girl sits on the floor with a shovel in her hand. She looks at the shovel. Two other children are playing together.,https://www.lag-sb-rlp.de/images/phocagallery/Verhalten/thumbs/phoca_thumb_l_g80-kind-spielt-nicht-mit-anderen-cmyk.jpg,Cartoon picture of Child Does Not Play with Others - A girl sits on the floor with a shovel in her hand. She looks at the shovel. Two other children are playing together.,Kind spielt nicht mit Anderen,Ein Maedchen sitzt mit einer Schippe in der Hand auf dem Boden. Sie schaut auf die Schippe. Zwei andere Kinder spielen zusammen.
Verhalten,Fixation on Specific Topics,A man enthusiastically talks about penguins. Different types of penguins are depicted in his speech bubbles. Next to him stands a woman. She raises an eyebrow and looks skeptical.,https://www.lag-sb-rlp.de/images/phocagallery/Verhalten/thumbs/phoca_thumb_l_g81-fixierung-auf-spezielle-themen-cmyk.jpg,Cartoon picture of Fixation on Specific Topics - A man enthusiastically talks about penguins. Different types of penguins are depicted in his speech bubbles. Next to him stands a woman. She raises an eyebrow and looks skeptical.,Fixierung auf spezielle Themen,Ein Mann spricht begeistert von Pinguinen. In seinen Sprechblasen sind verschiedene Pinguinarten abgebildet. Daneben steht eine Frau. Sie zieht eine Augenbraue hoch und wirkt skeptisch.
Begriffe,Healthy Diet,"Depicted are fruits and vegetables, water, and wholemeal bread.",https://www.lag-sb-rlp.de/images/phocagallery/Begriffe/thumbs/phoca_thumb_l_gesunde-ernaehrung-cmyk.jpg,"Cartoon picture of Healthy Diet - Depicted are fruits and vegetables, water, and wholemeal bread.",Gesunde Ernaehrung,"Abgebildet sind Obst und Gemuese, Wasser und ein Vollkornbrot."
Begriffe,Inclusion,A group of very different people - with and without disabilities - is sitting at a table and eating together.,https://www.lag-sb-rlp.de/images/phocagallery/Begriffe/thumbs/phoca_thumb_l_inklusion-cmyk.jpg,Cartoon picture of Inclusion - A group of very different people - with and without disabilities - is sitting at a table and eating together.,Inklusion,Eine Gruppe von ganz unterschiedlichen Menschenmit und ohne Behinderungensitzen an einem Tisch und essen zusammen.
Begriffe,Minerals,"Depicted is a bowl containing fruits and vegetables, as well as nuts. Above the bowl it says: 'Magnesium, Potassium, Calcium, Iron'.",https://www.lag-sb-rlp.de/images/phocagallery/Begriffe/thumbs/phoca_thumb_l_mineralstoffe-cmyk.jpg,"Cartoon picture of Minerals - Depicted is a bowl containing fruits and vegetables, as well as nuts. Above the bowl it says: 'Magnesium, Potassium, Calcium, Iron'.",Mineralien,"Abgebildet ist eine Schale, in der sich Obst und Gemuese, sowie Nuesse befinden. Ueber der Schale steht: „Magnesium, Kalium, Calcium, Eisen“."
Begriffe,Vitamins,Depicted is a bowl containing various fruits.,https://www.lag-sb-rlp.de/images/phocagallery/Begriffe/thumbs/phoca_thumb_l_vitamine-cmyk.jpg,Cartoon picture of Vitamins - Depicted is a bowl containing various fruits.,Vitamine,"Abgebildet ist eine Obstschale, in der verschiedene Fruechte liegen."
Begriffe,Causes of Origin are Unknown,"A man in a white coat grabs his head. In front of him stands a young woman with a puzzled look. In one thought bubble of the man, the woman is shown with a rash and tomatoes. In the second thought bubble, she is shown with a rash when exposed to sunlight.",https://www.lag-sb-rlp.de/images/phocagallery/Erkrankung/thumbs/phoca_thumb_l_a84-entstehungsursachen-sind-unbekannt-cmyk.jpg,"Cartoon picture of Causes of Origin are Unknown - A man in a white coat grabs his head. In front of him stands a young woman with a puzzled look. In one thought bubble of the man, the woman is shown with a rash and tomatoes. In the second thought bubble, she is shown with a rash when exposed to sunlight.",Entstehungsursachen sind unbekannt,Ein Mann im weissen Kittel greift sich an den Kopf. Vor ihm steht eine junge Frau mit ratlosem Blick. In der einen Gedankenblase des Mannes sieht man die Frau mit einem Hautausschlag und Tomaten. In der zweiten Gedankenblase sieht man sie bei Sonneneinstrahlung mit Hautausschlag.
Beratung und Information,Consultation Center,"In the foreground, two women are sitting at the table. One woman is in a wheelchair and filling out a form. The other woman also wants to fill out a form. In the background, there is a building with the inscription 'Advice Center'.",https://www.lag-sb-rlp.de/images/phocagallery/Gesundheitsfoerderung/thumbs/phoca_thumb_l_d_49beratungszentrumneu2.jpg,"Cartoon picture of Consultation Center - In the foreground, two women are sitting at the table. One woman is in a wheelchair and filling out a form. The other woman also wants to fill out a form. In the background, there is a building with the inscription 'Advice Center'.",Beratungszentrum,Im Vordergrund sitzen zwei Frauen am Tisch. Eine Frau sitzt im Rollstuhl und fuellt ein Formular aus. Die andere Frau will ebenfalls ein Forumular ausfuellen. Im Hintergrund steht ein Gebaeude mit der Aufschrift Beratungszentrum.
Beratung und Information,Study on Research Findings,"A notebook is open. On the left side, test tubes can be seen, into which a liquid is poured. On the right side, a chemical compound is depicted.",https://www.lag-sb-rlp.de/images/phocagallery/Selbsthilfe/thumbs/phoca_thumb_l_e68-studie-forschungsergebnisse-transparent.jpg,"Cartoon picture of Study on Research Findings - A notebook is open. On the left side, test tubes can be seen, into which a liquid is poured. On the right side, a chemical compound is depicted.",Studie zu Forschungsergebnissen,"Ein Heft ist aufgeschlagen. Auf der linken Seite sieht man Reagenzglaeser, in die eine Fluessigkeit gefuellt wird. Auf der rechten Seite ist eine chemische Verbindung abgebildet."
Beratung und Information,Health Information,"A brochure is being held by a person. It bears the title 'Info', below which a virus and two different bacteria are drawn.",https://www.lag-sb-rlp.de/images/phocagallery/Selbsthilfe/thumbs/phoca_thumb_l_e47-gesundheitsinformation-cmyk.jpg,"Cartoon picture of Health Information - A brochure is being held by a person. It bears the title 'Info', below which a virus and two different bacteria are drawn.",Gesundheitsinformation,"Ein Faltblatt wird von einer Person gehalten. Es traegt den Titel ""Info"", darunter sind ein Virus und zwei verschiedene Bakterien eingezeichnet."
Beratung und Information,Nutritional Counseling,"A man is informing a woman and a man about healthy nutrition. He is holding up a banana. On the table, there are other food items.",https://www.lag-sb-rlp.de/images/phocagallery/Selbsthilfe/thumbs/phoca_thumb_l_e87-ernaehrungsberatung-cmyk.jpg,"Cartoon picture of Nutritional Counseling - A man is informing a woman and a man about healthy nutrition. He is holding up a banana. On the table, there are other food items.",Ernaehrungsberatung,Ein Mann informiert eine Frau und einen Mann ueber gesunde Ernaehrung. Er haelt dazu eine Banane hoch. Auf dem Tisch liegen weitere Nahrungsmittel.
Beratung und Information,Information Material,A woman hands over a brochure to a man.,https://www.lag-sb-rlp.de/images/phocagallery/Selbsthilfe/thumbs/phoca_thumb_l_e73-informationsmaterial-cmyk.jpg,Cartoon picture of Information Material - A woman hands over a brochure to a man.,Informationsmaterial,Eine Frau uebergibt ein Faltblatt an einen Mann.
Gesundheitsbezogene Selbsthilfe,Self-Help Group,Four persons are sitting in a circle of chairs. They partly have a prosthesis and are discussing the topic of prostheses.,https://www.lag-sb-rlp.de/images/phocagallery/Selbsthilfe/thumbs/phoca_thumb_l_e-67-selbsthilfegruppe-cmyk.jpg,Cartoon picture of Self-Help Group - Four persons are sitting in a circle of chairs. They partly have a prosthesis and are discussing the topic of prostheses.,Selbsthilfegruppe,Vier Personen sitzen im Stuhlkreis. Sie haben teilweise eine Prothese und unterhalten sich ueber das Thema Prothesen.
Gesundheitsbezogene Selbsthilfe,Doctor's Lecture,A man in a white lab coat is speaking to a group of people. He points with a pen to a graph seen on the paper of a flip chart. A participant raises her hand.,https://www.lag-sb-rlp.de/images/phocagallery/Selbsthilfe/thumbs/phoca_thumb_l_e109-arztvortrag-cmyk.jpg,Cartoon picture of Doctor's Lecture - A man in a white lab coat is speaking to a group of people. He points with a pen to a graph seen on the paper of a flip chart. A participant raises her hand.,Arztvortrag,"Ein Mann in weissem Arztkittel spricht vor einer Gruppe von Menschen. Er zeigt mit einem Stift auf eine Verlaufskurve, die auf dem Papier einer Flipchart zu sehen ist. Eine Teilnehmerin meldet sich."
Gesundheitsbezogene Selbsthilfe,Self-Help Association,"Depicted is a map of Germany colored black, red, and gold. At various points on the map, speech bubbles are depicted containing logos of various state working groups, such as the LAG Self-help Rhineland-Palatinate or Bavaria, as well as the Federal Self-Help Working Group. The speech bubbles are connected to each other by a blue line.",https://www.lag-sb-rlp.de/images/phocagallery/Selbsthilfe/thumbs/phoca_thumb_l_selbsthilfeverband-2-cmyk.jpg,"Cartoon picture of Self-Help Association - Depicted is a map of Germany colored black, red, and gold. At various points on the map, speech bubbles are depicted containing logos of various state working groups, such as the LAG Self-help Rhineland-Palatinate or Bavaria, as well as the Federal Self-Help Working Group. The speech bubbles are connected to each other by a blue line.",Selbsthilfeverband,"Abgebildet ist eine Deutschlandkarte, die schwarz, rot und gold eingefaerbt ist. An verschiedenen Stellen auf der Karte sind Sprechblasen abgebildet, in denen sich Logos von verschiedenen Landesarbeitsgemeinschaften, wie der LAG Selbsthilfe Rheinland-Pfalz oder Bayern, aber auch der Bundesarbeitsgemeinschaft Selbsthilfe befinden. Die Sprechblasen sind untereinander durch eine blaue Linie verbunden."
Gesundheitsbezogene Selbsthilfe,Self-Help Group for Relatives,"Four adults are sitting in a circle of chairs. A man is speaking. In his speech bubble, a child with Down syndrome is depicted. In the thought bubbles of the other persons, there is also a child with Down syndrome depicted in each.",https://www.lag-sb-rlp.de/images/phocagallery/Selbsthilfe/thumbs/phoca_thumb_l_e66-selbsthilfegruppe-fuer-angehoerige-cmyk.jpg,"Cartoon picture of Self-Help Group for Relatives - Four adults are sitting in a circle of chairs. A man is speaking. In his speech bubble, a child with Down syndrome is depicted. In the thought bubbles of the other persons, there is also a child with Down syndrome depicted in each.",Selsbthilfegruppe fuer Angehoerige,Vier Erwachsene sitzen im Stuhlkreis. Ein Mann spricht. In seiner Sprechblase ist ein Kind mit Downsyndrom abgebildet. In den Gedankenblasen der anderen Personen sind auch jeweils ein Kind mit Downsyndrom abgebildet.
Gesundheitsbezogene Selbsthilfe,Parents' Circle,"In a circle of chairs, three couples are sitting and chatting. In the front corner, four children are playing with toy cars.",https://www.lag-sb-rlp.de/images/phocagallery/Selbsthilfe/thumbs/phoca_thumb_l_e111-elternkreis-cmyk.jpg,"Cartoon picture of Parents' Circle - In a circle of chairs, three couples are sitting and chatting. In the front corner, four children are playing with toy cars.",Elternkreis,In einem Stuhlkreis sitzen drei Paare und unterhalten sich. In der vorderen Ecke spielen vier Kinder mit Spielzeugautos.
Kognitive Faehigkeiten/Zustand,Difficulty Concentrating,"A man ties his sports shoes. He has several thought bubbles. He is simultaneously thinking about a young woman, tying shoes, a piece of cake and a cup of tea, and a woman comforting a man. He also thinks about a footballer and an older man.",https://www.lag-sb-rlp.de/images/phocagallery/Faehigkeiten/thumbs/phoca_thumb_l_c40-konzentrationsschwierigkeiten-cmyk.jpg,"'Cartoon picture of Difficulty Concentrating - A man ties his sports shoes. He has several thought bubbles. He is simultaneously thinking about a young woman, tying shoes, a piece of cake and a cup of tea, and a woman comforting a man. He also thinks about a footballer and an older man.",Konzentrationsschwierigkeiten,Eine junge Dame verletzt sich selbst am unteren Handgelenk mit einer Rasierklinke. Sie hat einen depressiven Gesichtsausdruck. 
Kognitive Faehigkeiten/Zustand,Empathy,A woman puts a comforting hand on a man's shoulder. The man covers his face with his hand and cries.,https://www.lag-sb-rlp.de/images/phocagallery/Faehigkeiten/thumbs/phoca_thumb_l_c41-einfhlungsvermgen-cmyk.jpg,Cartoon picture of Empathy - A woman puts a comforting hand on a man's shoulder. The man covers his face with his hand and cries.,Einfuehlungsvermoegen,"Ein Mann bindet sich die Sportschuhe. Er hat mehrere Gedankenblasen. Er denkt gleichzeitig an eine junge Frau, an das Schuhebinden, an ein Stueck Kuchen und eine Tasse Tee und an eine Frau, die einen Mann troestet. Zudem denkt er an einen Fussballer und einen aelteren Mann."
Kognitive Faehigkeiten/Zustand,Poor Memory Performance,A woman holds her forehead thoughtfully. Question marks can be seen in her thought bubble and above her head.,https://www.lag-sb-rlp.de/images/phocagallery/Faehigkeiten/thumbs/phoca_thumb_l_c45-schlechte-gedchtnisleistung-cmyk.jpg,Cartoon picture of Poor Memory Performance - A woman holds her forehead thoughtfully. Question marks can be seen in her thought bubble and above her head.,Schlechte Gedaechtnisleistung,Eine Frau haelt sich nachdenklich die Stirn. In ihrer Gedankenblase und ueber ihrem Kopf sind Fragezeichen zu sehen.
Kognitive Faehigkeiten/Zustand,Being Deaf,Depicted are two persons facing each other. One person is communicating in sign language.,https://www.lag-sb-rlp.de/images/phocagallery/Faehigkeiten/thumbs/phoca_thumb_l_gehoerlos-cmyk.jpg,Cartoon picture of Being Deaf - Depicted are two persons facing each other. One person is communicating in sign language.,Gehoerlos sein,Abgebildet sind zwei Personen die einander zugewandt stehen. Die eine Person kommuniziert in Gebaerdensprache.
Kognitive Faehigkeiten/Zustand,Being Blind,Depicted is a man holding a long cane in his hand.,https://www.lag-sb-rlp.de/images/phocagallery/Faehigkeiten/thumbs/phoca_thumb_l_blind-cmyk.jpg,Cartoon picture of Being Blind - Depicted is a man holding a long cane in his hand.,Blind sein,"Abgebildet ist ein Mann, der einen Langstock in der Hand haelt."
Vereinsarbeit,Exchange on the Internet,"In the middle, there is a globe depicted. Around it, there are 6 individuals depicted, each working on a laptop or computer. They are all interconnected.",https://www.lag-sb-rlp.de/images/phocagallery/Selbsthilfe/thumbs/phoca_thumb_l_e113-austausch-internet-cmyk.jpg,"Cartoon picture of Exchange on the Internet - In the middle, there is a globe depicted. Around it, there are 6 individuals depicted, each working on a laptop or computer. They are all interconnected.",Austausch im Internet,"In der Mitte ist eine Weltkugel abgebildet. Aussenrum sind 6 Einzelpersonen abgebildet, die jeweils an einem Laptop oder Computer arbeiten. Sie sind alle miteinander verbunden."
Vereinsarbeit,Board Meeting,Two men and a woman are sitting at a table and talking. One man has a hearing aid and is typing on a laptop. The woman wears an arm prosthesis.,https://www.lag-sb-rlp.de/images/phocagallery/Vereinsarbeit/thumbs/phoca_thumb_l_vorstands-sitzung-cmyk.jpg,Cartoon picture of Board Meeting - Two men and a woman are sitting at a table and talking. One man has a hearing aid and is typing on a laptop. The woman wears an arm prosthesis.,Vorstandssitzung,Zei Maenner und eine Frau sitzen an einem Tisch und unterhalten sich. Ein Mann hat ein Hoergeraet und tippt in einen Laptop. Die Frau traegt eine Armprothese.
Vereinsarbeit,Membership Fee,A transfer form is depicted. The amount '18 euros' and the purpose 'Membership fee' are handwritten.,https://www.lag-sb-rlp.de/images/phocagallery/Selbsthilfe/thumbs/phoca_thumb_l_e52-mitgliedsbeitrag-cmyk.jpg,Cartoon picture of Membership Fee - A transfer form is depicted. The amount '18 euros' and the purpose 'Membership fee' are handwritten.,Mitgliedsbeitrag,"Ein Ueberweisungstraeger ist abgebildet. Handschriftlich wird der Betrag ""18 Euro"" und der Verwendungszweck ""Mitgliedsbeitrag"" eingetragen."
Vereinsarbeit,Project Financing,"On the left side of the picture is a project proposal for 20,000.00 euros. To the right of it are 6 100-euro bills.",https://www.lag-sb-rlp.de/images/phocagallery/thumbs/phoca_thumb_l_projektfinanzierung-rgb.jpg,"Cartoon picture of Project Financing - On the left side of the picture is a project proposal for 20,000.00 euros. To the right of it are 6 100-euro bills.",Projektfinanzierung,"Links im Bild ist ein Projekt-Antrag auf 20.000,00 Euro. Rechts daneben sind 6 100-Eruo-Scheine. "
Vereinsarbeit,Application,The arms of two persons are recognizable. One person is pointing to the word 'Application' written on top of a document. The other person is holding a pen ready to write.,https://www.lag-sb-rlp.de/images/phocagallery/Gesundheitsfoerderung/thumbs/phoca_thumb_l_d22-antrag-cmyk.jpg,Cartoon picture of Application - The arms of two persons are recognizable. One person is pointing to the word 'Application' written on top of a document. The other person is holding a pen ready to write.,Antrag,"Zu erkennen sind die Arme von zwei Personen. Die eine Person zeigt auf das Wort ""Antrag"", das oben auf einem Dokument steht. Die andere Person haelt einen Stift zum Schreiben bereit."
Koerper,Large and Small Intestines and Stomach,"The organs large intestine, small intestine, and stomach are depicted.",https://www.lag-sb-rlp.de/images/phocagallery/thumbs/phoca_thumb_l_verdauung-detail-cmyk.jpg,"Cartoon picture of Large and Small Intestines and Stomach - The organs large intestine, small intestine, and stomach are depicted.",Dick- und Duenndarm und Magen,"Die Organe Dickdarm, Duenndarm und Magen sind abgebildet."
Koerper,Digestive Tract,Illustration of a naked man. The small and large intestines and the stomach are drawn.,https://www.lag-sb-rlp.de/images/phocagallery/Organe und Körperteile/thumbs/phoca_thumb_l_verdauung-cmyk.jpg,Cartoon picture of Digestive Tract - Illustration of a naked man. The small and large intestines and the stomach are drawn.,Verdauungstrakt,Abbildung von einem nackten Mann. Der Dick- und Duenndarm sowie der Magen sind eingezeichnet.
Koerper,Heart Septum,"Illustration of a heart. The two heart chambers are visible, as well as the wall between them. Two arrows point to them.",https://www.lag-sb-rlp.de/images/phocagallery/thumbs/phoca_thumb_l_herz-wand-herzscheidewand-cmyk.jpg,"Cartoon picture of Heart Septum - Illustration of a heart. The two heart chambers are visible, as well as the wall between them. Two arrows point to them.",Herzscheidewand,Abbildung von einem Herzen. Die beiden Herzkammern sind zusehen und die Wand dazwischen. Zwei Pfeile deuten auf sie.
Koerper,Sternum,"Depicted is a red-haired man with a beard. His ribcage and vertebrae are seen in three-dimensional form. The emphasis is on the sternum, which is clearly visible in contrast to the ribs and vertebrae.",https://www.lag-sb-rlp.de/images/phocagallery/thumbs/phoca_thumb_l_brustbein-2.jpg,"Cartoon picture of Sternum - Depicted is a red-haired man with a beard. His ribcage and vertebrae are seen in three-dimensional form. The emphasis is on the sternum, which is clearly visible in contrast to the ribs and vertebrae.",Brustbein,"Abgebildet ist ein rothaariger Mann mit Bart. Sein Brustkorb und die Wirbel sind ist in dreidimenisonaler Form zu sehen. Der Akzent liegt dabei auf dem Brustbein, das im Gegesatz zum Brustkotb und zu der Wirbel deutlich zu erkennen ist."
Koerper,Bacteria,"Illustration of two different elongated, green bacteria.",https://www.lag-sb-rlp.de/images/phocagallery/thumbs/phoca_thumb_l_bakterien-cmyk.jpg,"Cartoon picture of Bacteria - Illustration of two different elongated, green bacteria.",Bakterien,"Abbildung von zwei verschiedenen laenglichen, gruenen Bakterien."
Gefuehle,Security,Depicted are a woman and a man lovingly embracing a child.,https://www.lag-sb-rlp.de/images/phocagallery/Gefuehle/thumbs/phoca_thumb_l_geborgenheit-cmyk.jpg,Cartoon picture of Security - Depicted are a woman and a man lovingly embracing a child.,Geborgenheit,"Abgebildet sind eine Frau und ein Mann, die ein Kind liebevoll umarmen."
Gefuehle,Self-love,Depicted is a dark-haired young lady looking into a mirror and hugging herself.,https://www.lag-sb-rlp.de/images/phocagallery/thumbs/phoca_thumb_l_selbstliebe.jpg,Cartoon picture of Self-love - Depicted is a dark-haired young lady looking into a mirror and hugging herself.,Selbstliebe,"Abgebildet ist eine dunkelhaarige junge Dame, die in einen Spiegel schaut und sich selbst umarmt. "
Gefuehle,Panic Attack,"Depicted is a woman with her mouth open and eyes squinted. She holds her hands to her face. She has sweat on her forehead and red cheeks, as well as red spots on her neck.",https://www.lag-sb-rlp.de/images/phocagallery/Gefuehle/thumbs/phoca_thumb_l_panik-cmyk.jpg,"Cartoon picture of Panic Attack - Depicted is a woman with her mouth open and eyes squinted. She holds her hands to her face. She has sweat on her forehead and red cheeks, as well as red spots on her neck.",Panikattacke,"Abgebildet ist eine Frau, die den Mund offen und die Augen zusammengekniffen hat. Ihre Haende haelt sie am Gesicht. Sie hat Schweiss auf der Stirn und rote Wangen, sowie rote Flecken am Hals."
Gefuehle,Despair,"A woman covers her face with both hands. She cries heavily, tears running down her hands.",https://www.lag-sb-rlp.de/images/phocagallery/Faehigkeiten/thumbs/phoca_thumb_l_c98-verzweiflung-cmyk.jpg,"Cartoon picture of Despair - A woman covers her face with both hands. She cries heavily, tears running down her hands.",Verzweiflung,"Eine Frau haelt sich beide Haende vor ihr Gesicht. Sie weint stark, Traenen laufen die Haende entlang."
Gefuehle,Fear,A woman covers her mouth with both hands. Her eyes and mouth are wide open. Sweat runs down her forehead.,https://www.lag-sb-rlp.de/images/phocagallery/Faehigkeiten/thumbs/phoca_thumb_l_c15-angst-cmyk.jpg,Cartoon picture of Fear - A woman covers her mouth with both hands. Her eyes and mouth are wide open. Sweat runs down her forehead.,Angst,Eine Frau haelt sich beide Haende vor den Mund. Ihre Augen und der Mund sind weit geoeffnet. Schweiss laeuft ihr die Stirn herunter.
